sample_id;treatment;Fv_Fm;PI_abs;ABS_RC;TRo_RC;ETo_RC;DIo_RC;ABS_CSm;TRo_CSm;ETo_CSm;DIo_CSm
A1;control;0.666248563503336;0.730630208008319;0.705113571014323;0.70045614637741;0.722742153558692;0.745875067020782;0.50609013199481;0.5781471643504;0.714799611183894;-0.695400668357629
A2;control;0.622845266162528;0.750727526511421;0.521857627849321;0.527835867683743;0.642872685428876;0.45910738456471;1.18999571577158;0.99861782933251;0.760620099080297;-0.309066963714501
A3;control;0.887796163666056;0.708923402679802;0.935739567979205;0.936370527258756;0.820909793951327;0.922610478130569;0.369309015239455;0.5781471643504;0.714799611183894;-1.08173437300076
A4;stress;-1.1611415450509;-1.12111708906147;-0.991322060046114;-1.00790425750938;-1.0964728280577;-0.820532346881608;-0.861721035558735;-0.99861782933251;-1.11801990467224;1.23626785485801
A5;stress;-1.01574844828103;-1.06916404813807;-1.17138870679674;-1.15675828381053;-1.09005180488119;-1.30706058283445;-1.20367382744712;-1.1562943287008;-1.07219941677584;0.849934150214883
